[{"title":"iphone 13","category":"smartphone","content":"iphone","imageURL":"https://hotstore.hotmobile.co.il/media/catalog/product/cache/a73c0d5d6c75fbb1966fe13af695aeb7/b/l/blue_3.png","price":"800$","date":"12.6.2023"},{"title":"iphone 12","category":"smartphone","content":"smartphone - iphone","imageURL":"https://encrypted-tbn0.gstatic.com/images?q=tbn:ANd9GcQT7eWU2l8G6iTw4hxIGKCy8-6r-E-dUmVDKg&usqp=CAU","price":"700$","date":"12.6.2023"},{"title":"iphone 12","category":"smartphone","content":"smartphone - iphone","imageURL":"https://cellcomshop.cellcom.co.il/media/catalog/product/cache/6d501980604a97d3aff9bff525405e85/_/1/_11.png","price":"600$","date":"12.6.2023"},{"title":"iphone 13","category":"smartphone","content":"iphone","imageURL":"https://hotstore.hotmobile.co.il/media/catalog/product/cache/a73c0d5d6c75fbb1966fe13af695aeb7/b/l/blue_3.png","price":"800$","date":"12.6.2023"},{"title":"iphone 12","category":"smartphone","content":"smartphone - iphone","imageURL":"https://encrypted-tbn0.gstatic.com/images?q=tbn:ANd9GcQT7eWU2l8G6iTw4hxIGKCy8-6r-E-dUmVDKg&usqp=CAU","price":"700$","date":"12.6.2023"},{"title":"iphone 12","category":"smartphone","content":"smartphone - iphone","imageURL":"https://cellcomshop.cellcom.co.il/media/catalog/product/cache/6d501980604a97d3aff9bff525405e85/_/1/_11.png","price":"600$","date":"12.6.2023"},{"title":"iphone 13","category":"smartphone","content":"iphone","imageURL":"https://hotstore.hotmobile.co.il/media/catalog/product/cache/a73c0d5d6c75fbb1966fe13af695aeb7/b/l/blue_3.png","price":"800$","date":"12.6.2023"},{"title":"iphone 12","category":"smartphone","content":"smartphone - iphone","imageURL":"https://encrypted-tbn0.gstatic.com/images?q=tbn:ANd9GcQT7eWU2l8G6iTw4hxIGKCy8-6r-E-dUmVDKg&usqp=CAU","price":"700$","date":"12.6.2023"},{"title":"iphone 12","category":"smartphone","content":"smartphone - iphone","imageURL":"https://cellcomshop.cellcom.co.il/media/catalog/product/cache/6d501980604a97d3aff9bff525405e85/_/1/_11.png","price":"600$","date":"12.6.2023"},{"title":"iphone 13","category":"smartphone","content":"iphone","imageURL":"https://hotstore.hotmobile.co.il/media/catalog/product/cache/a73c0d5d6c75fbb1966fe13af695aeb7/b/l/blue_3.png","price":"800$","date":"12.6.2023"},{"title":"iphone 12","category":"smartphone","content":"smartphone - iphone","imageURL":"https://encrypted-tbn0.gstatic.com/images?q=tbn:ANd9GcQT7eWU2l8G6iTw4hxIGKCy8-6r-E-dUmVDKg&usqp=CAU","price":"700$","date":"12.6.2023"},{"title":"iphone 12","category":"smartphone","content":"smartphone - iphone","imageURL":"https://cellcomshop.cellcom.co.il/media/catalog/product/cache/6d501980604a97d3aff9bff525405e85/_/1/_11.png","price":"600$","date":"12.6.2023"},{"title":"Galaxy S22","category":"smartphones","content":"smartphones","imageURL":"https://m.media-amazon.com/images/I/718LuUVEOZL._AC_UF894,1000_QL80_.jpg","price":"900$","date":"12.6.2023"},{"title":"Galaxy S23","category":"Smartphones","content":"galaxy","imageURL":"https://m.media-amazon.com/images/I/718LuUVEOZL._AC_UF894,1000_QL80_.jpg","price":"1000$","date":"12.6.2023"},{"title":"Galaxy ultra","category":"snartphone","content":"samsung","imageURL":"https://m.media-amazon.com/images/I/71Sa3dqTqzL._AC_UF894,1000_QL80_.jpg","price":"800$","date":"12.6.2023"},{"title":"xiaomi redmi ","category":"smartphones","content":"smartphones","imageURL":"https://img.gkbcdn.com/s3/p/2020-11-30/Xiaomi-Redmi-Note-9-Pro-5G-6-67-Qualcomm-Snapdragon-750G-426903-0.jpg","price":"600$","date":"12.6.2023"},{"title":"xiaomi redmi 8","category":"smartphones","content":"smartphones","imageURL":"https://www.mifratim.co.il/wp-content/uploads/2020/05/remi-note-9-and-pro.jpg","price":"700$","date":"12.6.2023"},{"title":"PS5","category":"Consoles","content":"playstation","imageURL":"https://media.direct.playstation.com/is/image/sierialto/PS5-digital-edition-front-with-dualsense","price":"500$","date":"13.6.2023"},{"title":"PS5","category":"Consoles","content":"playstation","imageURL":"https://media.direct.playstation.com/is/image/sierialto/PS5-digital-edition-front-with-dualsense","price":"500$","date":"13.6.2023"},{"title":"PS5","category":"gaming","content":"console","imageURL":"https://m.media-amazon.com/images/I/71fa5+U25cL.jpg","price":"500$","date":"13.6.2023"},{"title":"Xbox","category":"gaming","content":"series x","imageURL":"https://d3m9l0v76dty0.cloudfront.net/system/photos/8110441/original/bc072fa180d50f11738b9015a2bf1252.jpg","price":"500$","date":"13.6.2023"},{"title":"xbox","category":"gaming","content":"gaming","imageURL":"https://d3m9l0v76dty0.cloudfront.net/system/photos/8110441/original/bc072fa180d50f11738b9015a2bf1252.jpg","price":"500$","date":"14.6.2023"},{"title":"a","category":"a","content":"a","imageURL":"a","price":"1$","date":"16.6.2023"}]